<?xml version="1.0" encoding="utf-8"?>
<phr>

<!--基本信息-->
<personalInfo>
    <!--姓名-->
    <name>张三</name>
    <!--性别-->
    <gender>男</gender>
    <!--出生日期-->
    <birth>19900101</birth>
    <!--民族-->
    <nation>汉</nation>
</personalInfo>

<!--健康信息流-->
<records>
    <!--机构导入的结构化数据，符合国标-->
    <record>
        <!--记录唯一表示符-->
        <id>faa990835a2a9e9ecab6961c957fc205</id>
        <!--记录来源:
            0~2
            0:机构导入
            1:智能设备导入
            2:用户输入-->
        <from>0</from>
        <!--记录创建时间-->
        <createTime>201801152023</createTime>
        <!--记录最新修改时间-->
        <updateTime>201801152023</updateTime>
        <!--记录描述，可以是用户自己填写，也可以是格式化文档的摘要，可选-->
        <text>门诊概要，2018年1月15日</text>
        <!--记录原始文件路径，格式化文档，可选-->
        <path>./faa990835a2a9e9ecab6961c957fc205/张三门诊.xml</path>
        <!--相关资源文件，非格式化文档，可选-->
        <resources/>
        <!--记录内容类型, 记录的内容属于哪个范畴-->
        <contentType>010017</contentType>
        <!--记录格式类型, 记录的格式符合哪种规范-->
        <formatType>
            <!--标准系统，国标支持的用国标编码-->
            <codeSystem>2.16.156.10011.2.4</codeSystem>
            <!--标准代码-->
            <code>HSDC00.02</code>
        </formatType>
        <!--机构信息-->
        <organization>
            <!--机构编码-->
            <orgID>0bb3ae732ae510c897fe1bb6bad08340</orgID>
            <!--机构名称-->
            <orgName>XX医院</orgName>
            <!--机构内部就诊号-->
            <clinicID>D2018000001</clinicID>
        </organization>
    </record>

    <!--机构导入的结构化数据，不符合国标-->
    <record>
        <!--记录唯一表示符-->
        <id>df46098d81ac88e7ab9ce301f747e113</id>
        <!--记录来源:
            0~2
            0:机构导入
            1:智能设备导入
            2:用户输入-->
        <from>0</from>
        <!--记录创建时间-->
        <createTime>201801152023</createTime>
        <!--记录最新修改时间-->
        <updateTime>201801152023</updateTime>
        <!--记录描述，可以是用户自己填写，也可以是格式化文档的摘要，可选-->
        <text>基因检测数据</text>
        <!--记录原始文件路径，格式化文档，可选-->
        <path>./df46098d81ac88e7ab9ce301f747e113/张三-基因检测.snp.gff</path>
        <!--相关资源文件，非格式化文档，可选-->
        <resources/>
        <!--记录内容类型, 记录的内容属于哪个范畴-->
        <contentType>990001</contentType>
        <!--记录格式类型, 记录的格式符合哪种规范-->
        <formatType>
            <!--标准系统，例如PHR表示phr支持的自定义格式标准-->
            <codeSystem>PHR</codeSystem>
            <!--标准代码-->
            <code>P0001</code>
        </formatType>
        <!--机构信息-->
        <organization>
            <!--机构编码-->
            <orgID>a74f5edc8c2643e4a7784ca2d5795998</orgID>
            <!--机构名称-->
            <orgName>XX基因研究所</orgName>
            <!--机构内部就诊号-->
            <clinicID>JY000000001</clinicID>
        </organization>
    </record>

    <!--机构导入的非结构化数据-->
    <record>
        <!--记录唯一表示符-->
        <id>c7f9a3e268668100cf4d40233b6a9949</id>
        <!--记录来源:
            0~2
            0:机构导入
            1:智能设备导入
            2:用户输入-->
        <from>0</from>
        <!--记录创建时间-->
        <createTime>201510181123</createTime>
        <!--记录最新修改时间-->
        <updateTime>201510181123</updateTime>
        <!--记录描述，可以是用户自己填写，也可以是格式化文档的摘要，可选-->
        <text>体检报告，2015年10月18日</text>
        <!--记录原始文件路径，格式化文档，可选-->
        <path/>
        <!--相关资源文件，非格式化文档，可选-->
        <resources>
            <resource>./c7f9a3e268668100cf4d40233b6a9949/体检报告.pdf</resource>
        </resources>
        <!--记录内容类型, 记录的内容属于哪个范畴-->
        <contentType>010016</contentType>
        <!--记录格式类型, 记录的格式符合哪种规范-->
        <formatType>
            <!--标准系统，例如STD表示标准格式-->
            <codeSystem>STD</codeSystem>
            <!--标准代码-->
            <code>S_PDF</code>
        </formatType>
        <!--机构信息-->
        <organization>
            <!--机构编码-->
            <orgID>7a886c7d95bea9af1a4b37352217bd04</org>
            <!--机构名称-->
            <orgName>第五人民医院体检合作中心</orgName>
            <!--机构内部就诊号-->
            <clinicID>0****80</clinicID>
        </organization>
    </record>

    <!--设备导入的结构化数据-->
    <record>
        <!--记录唯一表示符-->
        <id>b8a35504f86c1f65910bfda83edfb465</id>
        <!--记录来源:
            0~2
            0:机构导入
            1:智能设备导入
            2:用户输入-->
        <from>1</from>
        <!--记录创建时间-->
        <createTime>201801131123</createTime>
        <!--记录最新修改时间-->
        <updateTime>201801181123</updateTime>
        <!--记录描述，可以是用户自己填写，也可以是格式化文档的摘要，可选-->
        <text>心率</text>
        <!--记录原始文件路径，格式化文档，可选-->
        <path>./b8a35504f86c1f65910bfda83edfb465/heartBeats.json</path>
        <!--相关资源文件，非格式化文档，可选-->
        <resources/>
        <!--记录内容类型, 记录的内容属于哪个范畴，需要设定内容,例如00007表示检验检查结果-->
        <contentType>010016</contentType>
        <!--记录格式类型, 记录的格式符合哪种规范-->
        <formatType>
            <!--标准系统，例如PHR表示phr支持的自定义格式标准-->
            <codeSystem>PHR</codeSystem>
            <!--标准代码，假想格式-->
            <code>P0003</code>
        </formatType>
        <!--设备信息-->
        <device>
            <!--设备名称-->
            <deviceName>XX手环</deviceName>
            <!--设备类型-->
            <deviceType>x-watch 3,2</deviceType>
            <!--设备ID，例如uuid-->
            <deviceID>c27746c2-f15a-11e7-8c3f-9a214cf093ae</deviceID>
        </device>
        <!--来源软件，可选-->
        <app>
            <!--软件名-->
            <appName>XX手环助手</appName>
            <!--软件ID，假想ID-->
            <appID>com.xwatch.assist</appID>
        </app>
    </record>

    <!--用户导入的非结构化数据，来源设备-->
    <record>
        <!--记录唯一表示符-->
        <id>e849b425a459b2a322adf4a55d3f87ae</id>
        <!--记录来源:
            0~2
            0:机构导入
            1:智能设备导入
            2:用户输入-->
        <from>2</from>
        <!--记录创建时间-->
        <createTime>201801151048</createTime>
        <!--记录最新修改时间-->
        <updateTime>201801151048</updateTime>
        <!--记录描述，可以是用户自己填写，也可以是格式化文档的摘要，可选-->
        <text>心率，睡眠，手机截图</text>
        <!--记录原始文件路径，格式化文档，可选-->
        <path/>
        <!--相关资源文件，非格式化文档，可选-->
        <resources>
            <resource>./e849b425a459b2a322adf4a55d3f87ae/心率-睡眠.jpg</resource>
        </resources>
        <!--记录内容类型, 记录的内容属于哪个范畴，需要设定内容,例如00007代表某设备的输出结果-->
        <contentType>010016</contentType>
        <!--记录格式类型, 记录的格式符合哪种规范-->
        <formatType>
            <!--标准系统，例如phr-format表示phr支持的自定义格式标准-->
            <codeSystem>STD</codeSystem>
            <!--标准代码-->
            <code>S_PNG</code>
        </formatType>
        <!--设备信息-->
        <device>
            <!--设备名称-->
            <deviceName>XX手机</deviceName>
            <!--设备类型-->
            <deviceType>x-phone 3,2</deviceType>
            <!--设备ID-->
            <deviceID>7ba8944e-f41b-11e7-8c3f-9a214cf093ae</deviceID>
        </device>
    </record>

    <!--用户添加的非结构化数据，来源于机构-->
    <record>
        <!--记录唯一表示符-->
        <id>9a40062b6172ad70f397dab9309b033a</id>
        <!--记录来源:
            0~2
            0:机构导入
            1:智能设备导入
            2:用户输入-->
        <from>2</from>
        <!--记录创建时间-->
        <createTime>201701181123</createTime>
        <!--记录最新修改时间-->
        <updateTime>201701181123</updateTime>
        <!--记录描述，可以是用户自己填写，也可以是格式化文档的摘要，可选-->
        <text>中医处方</text>
        <!--记录原始文件路径，格式化文档，可选-->
        <path/>
        <!--相关资源文件，非格式化文档，可以为复数，可选-->
        <resources>
            <resource>./9a40062b6172ad70f397dab9309b033a/sample.jpg</resource>
        </resources>
        <!--记录内容类型, 记录的内容属于哪个范畴，需要设定内容,例如00007代检验报告-->
        <contentType>000005</contentType>
        <!--记录格式类型, 记录的格式符合哪种规范-->
        <formatType>
            <!--标准系统，例如STD表示标准格式-->
            <codeSystem>STD</codeSystem>
            <!--标准代码-->
            <code>S_JPG</code>
        </formatType>
        <!--机构信息-->
        <organization>
            <!--机构代码-->
            <orgID>9c3477c3373fb023fc74906a995d1426</orgID>
            <!--机构名称-->
            <orgName>XX中医药大学附属医院</orgName>
            <!--机构内部就诊号-->
            <clinicID>XXXXXXXX</clinicID>
        </organization>
    </record>

    <!--用户添加的非结构化数据，来源于自身记录-->
    <record>
        <!--记录唯一表示符-->
        <id>3ceaed12e681a09795bd21fd69440d48</id>
        <!--记录来源:
            0~2
            0:机构导入
            1:智能设备导入
            2:用户输入-->
        <from>2</from>
        <!--记录创建时间-->
        <createTime>201801130600</createTime>
        <!--记录最新修改时间-->
        <updateTime>201801200000</updateTime>
        <!--记录描述，可以是用户自己填写，也可以是格式化文档的摘要，可选-->
        <text>一周血压状况</text>
        <!--记录原始文件路径，格式化文档，可选-->
        <path/>
        <!--相关资源文件，非格式化文档，可以为复数，可选-->
        <resources>
            <resource>./3ceaed12e681a09795bd21fd69440d48/血压.docx</resource>
        </resources>
        <!--记录内容类型, 记录的内容属于哪个范畴，需要设定内容,例如00007代检验报告-->
        <contentType>000016</contentType>
        <!--记录格式类型, 记录的格式符合哪种规范-->
        <formatType>
            <!--标准系统，例如STD表示标准格式-->
            <codeSystem>STD</codeSystem>
            <!--标准代码-->
            <code>S_DOCX</code>
        </formatType>
    </record>

</records>

</phr>