[
    {
        "date": "2018-01-13",
        "heartBeats": [{
            "time": "06:00",
            "heartBeat": 70
        },
        {
            "time": "12:00",
            "heartBeat": 80
        },
        {
            "time": "18:00",
            "heartBeat": 77
        },
        {
            "time": "24:00",
            "heartBeat": 73
        }]
    },

    {
        "date": "2018-01-14",
        "heartBeats": [{
            "time": "06:00",
            "heartBeat": 70
        },
        {
            "time": "12:00",
            "heartBeat": 80
        },
        {
            "time": "18:00",
            "heartBeat": 77
        },
        {
            "time": "24:00",
            "heartBeat": 73
        }]
    },

    {
        "date": "2018-01-15",
        "heartBeats": [{
            "time": "06:00",
            "heartBeat": 70
        },
        {
            "time": "12:00",
            "heartBeat": 80
        },
        {
            "time": "18:00",
            "heartBeat": 77
        },
        {
            "time": "24:00",
            "heartBeat": 73
        }]
    },

    {
        "date": "2018-01-16",
        "heartBeats": [{
            "time": "06:00",
            "heartBeat": 70
        },
        {
            "time": "12:00",
            "heartBeat": 80
        },
        {
            "time": "18:00",
            "heartBeat": 77
        },
        {
            "time": "24:00",
            "heartBeat": 73
        }]
    },

    {
        "date": "2018-01-17",
        "heartBeats": [{
            "time": "06:00",
            "heartBeat": 70
        },
        {
            "time": "12:00",
            "heartBeat": 80
        },
        {
            "time": "18:00",
            "heartBeat": 77
        },
        {
            "time": "24:00",
            "heartBeat": 73
        }]
    },

    {
        "date": "2018-01-18",
        "heartBeats": [{
            "time": "06:00",
            "heartBeat": 70
        },
        {
            "time": "12:00",
            "heartBeat": 80
        },
        {
            "time": "18:00",
            "heartBeat": 77
        },
        {
            "time": "24:00",
            "heartBeat": 73
        }]
    }
]